customerid,customercode,customername,segment
1,JC-15775,John Castell,Consumer
2,EB-13840,Ellis Ballard,Corporate
3,TS-21340,Toby Swindell,Consumer
4,CK-12205,Chloris Kastensmidt,Consumer
5,BP-11230,Benjamin Patterson,Consumer
6,LM-17065,Liz MacKendrick,Consumer
7,RD-19930,Russell D'Ascenzo,Consumer
8,MD-17350,Maribeth Dona,Consumer
9,AC-10450,Amy Cox,Consumer
10,KL-16645,Ken Lonsdale,Consumer
11,NR-18550,Nick Radford,Consumer
12,RP-19390,Resi Pölking,Consumer
13,JR-16210,Justin Ritter,Corporate
14,DB-13660,Duane Benoit,Consumer
15,CH-12070,Cathy Hwang,Home Office
16,NP-18325,Naresj Patel,Consumer
17,GM-14455,Gary Mitchum,Home Office
18,KD-16495,Keith Dawkins,Corporate
19,DW-13480,Dianna Wilson,Home Office
20,JF-15415,Jennifer Ferguson,Consumer
21,BF-11080,Bart Folk,Consumer
22,EM-14140,Eugene Moren,Home Office
23,MS-17530,MaryBeth Skach,Consumer
24,DM-13015,Darrin Martin,Consumer
25,HW-14935,Helen Wasserman,Corporate
26,CL-12700,Craig Leslie,Home Office
27,LB-16735,Larry Blacks,Consumer
28,TD-20995,Tamara Dahlen,Consumer
29,AC-10420,Alyssa Crouse,Corporate
30,RE-19405,Ricardo Emerson,Consumer
31,BC-11125,Becky Castell,Home Office
32,JE-15715,Joe Elijah,Consumer
33,CS-11845,Cari Sayre,Corporate
34,AT-10435,Alyssa Tate,Home Office
35,GM-14695,Greg Maxwell,Corporate
36,NM-18445,Nathan Mautz,Home Office
37,SC-20230,Scot Coram,Corporate
38,MG-18205,Mitch Gastineau,Corporate
39,SC-20380,Shahid Collister,Consumer
40,BF-11170,Ben Ferrer,Home Office
41,NZ-18565,Nick Zandusky,Home Office
42,RD-19480,Rick Duston,Consumer
43,FH-14350,Fred Harton,Consumer
44,TR-21325,Toby Ritter,Consumer
45,BP-11290,Beth Paige,Consumer
46,SG-20080,Sandra Glassco,Consumer
47,LC-16930,Linda Cazamias,Corporate
48,JL-15505,Jeremy Lonsdale,Consumer
49,IM-15070,Irene Maddox,Consumer
50,CM-11935,Carlos Meador,Consumer
51,JC-16105,Julie Creighton,Corporate
52,BE-11335,Bill Eplett,Home Office
53,RA-19915,Russell Applegate,Consumer
54,MS-17980,Michael Stewart,Corporate
55,RM-19375,Raymond Messe,Consumer
56,JL-15175,James Lanier,Home Office
57,ME-17320,Maria Etezadi,Home Office
58,RR-19315,Ralph Ritter,Consumer
59,EJ-13720,Ed Jacobs,Consumer
60,MC-17575,Matt Collins,Consumer
61,JM-15250,Janet Martin,Consumer
62,EC-14050,Erin Creighton,Consumer
63,NF-18385,Natalie Fritzler,Consumer
64,ED-13885,Emily Ducich,Home Office
65,SW-20275,Scott Williamson,Consumer
66,LW-16825,Laurel Workman,Corporate
67,PK-18910,Paul Knutson,Home Office
68,JB-16045,Julia Barnett,Home Office
69,VT-21700,Valerie Takahito,Home Office
70,CR-12580,Clay Rozendal,Home Office
71,GZ-14470,Gary Zandusky,Consumer
72,BS-11365,Bill Shonely,Corporate
73,KW-16570,Kelly Williams,Consumer
74,MW-18220,Mitch Webber,Consumer
75,JL-15235,Janet Lee,Consumer
76,GT-14755,Guy Thornton,Consumer
77,JM-15535,Jessica Myrick,Consumer
78,RC-19960,Ryan Crowe,Consumer
79,KN-16450,Kean Nguyen,Corporate
80,RS-19870,Roy Skaria,Home Office
81,MC-17845,Michael Chen,Consumer
82,JP-15520,Jeremy Pistek,Consumer
83,TH-21100,Thea Hendricks,Consumer
84,RE-19450,Richard Eichhorn,Consumer
85,RF-19345,Randy Ferguson,Corporate
86,BB-11545,Brenda Bowman,Corporate
87,MC-17635,Matthew Clasen,Corporate
88,DB-12970,Darren Budd,Corporate
89,EH-14125,Eugene Hildebrand,Home Office
90,BO-11350,Bill Overfelt,Corporate
91,CC-12220,Chris Cortes,Consumer
92,JP-16135,Julie Prescott,Home Office
93,PO-18850,Patrick O'Brill,Consumer
94,DP-13390,Dennis Pardue,Home Office
95,KB-16405,Katrina Bavinger,Home Office
96,AF-10870,Art Ferguson,Consumer
97,MH-17785,Maya Herman,Corporate
98,YS-21880,Yana Sorensen,Corporate
99,FM-14215,Filia McAdams,Corporate
100,AW-10840,Anthony Witt,Consumer
101,JD-16015,Joy Daniels,Consumer
102,MF-18250,Monica Federle,Corporate
103,Dl-13600,Dorris liebe,Corporate
104,JM-15655,Jim Mitchum,Corporate
105,MN-17935,Michael Nguyen,Consumer
106,AH-10195,Alan Haines,Corporate
107,DL-12925,Daniel Lacy,Consumer
108,AH-10210,Alan Hwang,Consumer
109,HG-15025,Hunter Glantz,Consumer
110,CM-12160,Charles McCrossin,Consumer
111,GM-14500,Gene McClure,Consumer
112,SJ-20125,Sanjit Jacobs,Home Office
113,SC-20050,Sample Company A,Home Office
114,CC-12475,Cindy Chapman,Consumer
115,JS-15940,Joni Sundaresam,Home Office
116,AG-10900,Arthur Gainer,Consumer
117,BM-11785,Bryan Mills,Consumer
118,VW-21775,Victoria Wilson,Corporate
119,JD-15895,Jonathan Doherty,Corporate
120,BD-11770,Bryan Davis,Consumer
121,DM-12955,Dario Medina,Corporate
122,PH-18790,Patricia Hirasaki,Home Office
123,DK-13090,Dave Kipp,Consumer
124,VG-21805,Vivek Grady,Corporate
125,CL-12565,Clay Ludtke,Consumer
126,MG-17650,Matthew Grinstein,Home Office
127,BF-11215,Benjamin Farhat,Home Office
128,SK-19990,Sally Knutson,Consumer
129,MZ-17335,Maria Zettner,Home Office
130,BD-11605,Brian Dahlen,Consumer
131,TP-21130,Theone Pippenger,Consumer
132,DM-13525,Don Miller,Corporate
133,BP-11155,Becky Pak,Consumer
134,TM-21010,Tamara Manning,Consumer
135,JG-15310,Jason Gross,Corporate
136,LC-16960,Lindsay Castell,Home Office
137,KM-16225,Kalyca Meade,Corporate
138,CA-11965,Carol Adams,Corporate
139,LA-16780,Laura Armstrong,Corporate
140,CM-11815,Candace McMahon,Corporate
141,JH-15430,Jennifer Halladay,Consumer
142,EB-13705,Ed Braxton,Corporate
143,MO-17950,Michael Oakman,Consumer
144,TT-21460,Tonja Turnell,Home Office
145,BG-11035,Barry Gonzalez,Consumer
146,PW-19030,Pauline Webber,Corporate
147,LH-17155,Logan Haushalter,Consumer
148,JH-15910,Jonathan Howell,Consumer
149,BS-11590,Brendan Sweed,Corporate
150,EB-13930,Eric Barreto,Consumer
151,BT-11440,Bobby Trafton,Consumer
152,BP-11095,Bart Pistole,Corporate
153,SP-20620,Stefania Perrino,Corporate
154,NG-18355,Nat Gilpin,Corporate
155,CW-11905,Carl Weiss,Home Office
156,DL-12865,Dan Lawera,Consumer
157,TW-21025,Tamara Willingham,Home Office
158,LW-16990,Lindsay Williams,Corporate
159,AS-10240,Alan Shonely,Consumer
160,KN-16390,Katherine Nockton,Corporate
161,SC-20305,Sean Christensen,Consumer
162,HF-14995,Herbert Flentye,Consumer
163,SC-20095,Sanjit Chand,Consumer
164,CS-11950,Carlos Soltero,Consumer
165,SG-20470,Sheri Gordon,Consumer
166,MY-18295,Muhammed Yedwab,Corporate
167,CS-11860,Cari Schnelling,Consumer
168,AZ-10750,Annie Zypern,Consumer
169,JM-15265,Janet Molinari,Corporate
170,RD-19585,Rob Dowd,Consumer
171,DP-13165,David Philippe,Consumer
172,GA-14515,George Ashbrook,Consumer
173,SA-20830,Sue Ann Reed,Consumer
174,RD-19720,Roger Demir,Consumer
175,AH-10075,Adam Hart,Corporate
176,BV-11245,Benjamin Venier,Corporate
177,EH-14005,Erica Hernandez,Home Office
178,DO-13645,Doug O'Connell,Consumer
179,DL-13495,Dionis Lloyd,Corporate
180,BO-11425,Bobby Odegard,Consumer
181,VB-21745,Victoria Brennan,Corporate
182,CC-12685,Craig Carroll,Consumer
183,JL-15835,John Lee,Consumer
184,AR-10345,Alex Russell,Corporate
185,DR-12880,Dan Reichenbach,Corporate
186,AH-10690,Anna Häberlin,Corporate
187,FM-14380,Fred McMath,Consumer
188,LL-16840,Lauren Leatherbury,Consumer
189,Co-12640,Corey-Lock,Consumer
190,SW-20755,Steven Ward,Corporate
191,CR-12625,Corey Roper,Home Office
192,NG-18430,Nathan Gelder,Consumer
193,MC-17275,Marc Crier,Consumer
194,RF-19735,Roland Fjeld,Consumer
195,KB-16600,Ken Brennan,Corporate
196,IL-15100,Ivan Liston,Consumer
197,DP-13000,Darren Powers,Consumer
198,JC-15385,Jenna Caffey,Consumer
199,SM-20950,Suzanne McNair,Corporate
200,MR-17545,Mathew Reese,Home Office
201,AM-10360,Alice McCarthy,Corporate
202,TS-21085,Thais Sissman,Consumer
203,AR-10825,Anthony Rawles,Corporate
204,LR-17035,Lisa Ryan,Corporate
205,JP-15460,Jennifer Patt,Corporate
206,TP-21565,Tracy Poddar,Corporate
207,CC-12370,Christopher Conant,Consumer
208,RC-19825,Roy Collins,Consumer
209,KL-16555,Kelly Lampkin,Corporate
210,LW-17215,Luke Weiss,Consumer
211,PJ-19015,Pauline Johnson,Consumer
212,RH-19510,Rick Huthwaite,Home Office
213,MG-18145,Mike Gockenbach,Consumer
214,MM-18055,Michelle Moray,Consumer
215,MF-17665,Maureen Fritzler,Corporate
216,TC-20980,Tamara Chand,Corporate
217,EH-14185,Evan Henry,Consumer
218,CC-12145,Charles Crestani,Consumer
219,NC-18625,Noah Childs,Corporate
220,KA-16525,Kelly Andreada,Consumer
221,AP-10915,Arthur Prichep,Consumer
222,SC-20680,Steve Carroll,Home Office
223,BS-11380,Bill Stewart,Corporate
224,EM-14095,Eudokia Martin,Corporate
225,AR-10510,Andrew Roberts,Consumer
226,EK-13795,Eileen Kiefer,Home Office
227,MM-17260,Magdelene Morse,Consumer
228,SC-20020,Sam Craven,Consumer
229,BG-11740,Bruce Geld,Consumer
230,AH-10030,Aaron Hawkins,Corporate
231,BG-11695,Brooke Gillingham,Corporate
232,DC-12850,Dan Campbell,Consumer
233,EB-14110,Eugene Barchas,Consumer
234,MZ-17515,Mary Zewe,Corporate
235,SC-20845,Sung Chung,Consumer
236,TN-21040,Tanja Norvell,Home Office
237,FH-14365,Fred Hopkins,Corporate
238,LD-16855,Lela Donovan,Corporate
239,EB-14170,Evan Bailliet,Consumer
240,MW-18235,Mitch Willingham,Corporate
241,JE-15610,Jim Epp,Corporate
242,RA-19885,Ruben Ausman,Corporate
243,TG-21640,Trudy Glocke,Consumer
244,CS-12505,Cindy Stewart,Consumer
245,NS-18505,Neola Schneider,Consumer
246,RB-19570,Rob Beeghly,Consumer
247,RP-19855,Roy Phan,Corporate
248,AI-10855,Arianne Irving,Consumer
249,TM-21490,Tony Molinari,Consumer
250,PO-19180,Philisse Overcash,Home Office
251,PT-19090,Pete Takahito,Consumer
252,JF-15565,Jill Fjeld,Consumer
253,JB-15925,Joni Blumstein,Consumer
254,SH-20635,Stefanie Holloman,Corporate
255,EL-13735,Ed Ludwig,Home Office
256,JK-15730,Joe Kamberova,Consumer
257,GB-14530,George Bell,Corporate
258,CS-12250,Chris Selesnick,Corporate
259,JM-15580,Jill Matthias,Consumer
260,DB-13555,Dorothy Badders,Corporate
261,KH-16630,Ken Heidel,Corporate
262,SP-20860,Sung Pak,Corporate
263,HA-14905,Helen Abelman,Consumer
264,DW-13540,Don Weiss,Consumer
265,MC-18130,Mike Caudle,Corporate
266,BD-11500,Bradley Drucker,Consumer
267,RD-19660,Robert Dilbeck,Home Office
268,JM-16195,Justin MacKendrick,Consumer
269,SD-20485,Shirley Daniels,Home Office
270,GM-14680,Greg Matthias,Consumer
271,GH-14665,Greg Hansen,Consumer
272,BN-11470,Brad Norvell,Corporate
273,NP-18670,Nora Paige,Consumer
274,DF-13135,David Flashing,Consumer
275,JW-15220,Jane Waco,Corporate
276,CS-12490,Cindy Schnelling,Corporate
277,MT-17815,Meg Tillman,Consumer
278,JE-15745,Joel Eaton,Consumer
279,BD-11725,Bruce Degenhardt,Consumer
280,EB-13750,Edward Becker,Corporate
281,FH-14275,Frank Hawley,Corporate
282,CC-12100,Chad Cunningham,Home Office
283,AG-10765,Anthony Garverick,Home Office
284,AA-10315,Alex Avila,Consumer
285,CA-12310,Christine Abelman,Corporate
286,CL-11890,Carl Ludwig,Consumer
287,TB-21400,Tom Boeckenhauer,Consumer
288,PL-18925,Paul Lucas,Home Office
289,JK-16120,Julie Kriz,Home Office
290,MG-17875,Michael Grace,Home Office
291,AS-10045,Aaron Smayling,Corporate
292,PG-18820,Patrick Gardner,Consumer
293,AS-10285,Alejandro Savely,Corporate
294,KD-16615,Ken Dana,Corporate
295,NF-18595,Nicole Fjeld,Home Office
296,LF-17185,Luke Foster,Consumer
297,TS-21610,Troy Staebel,Consumer
298,MP-17965,Michael Paige,Corporate
299,AH-10465,Amy Hunt,Consumer
300,SN-20710,Steve Nguyen,Home Office
301,ZC-21910,Zuschuss Carroll,Consumer
302,JE-15475,Jeremy Ellison,Consumer
303,ME-18010,Michelle Ellison,Corporate
304,HE-14800,Harold Engle,Corporate
305,BT-11395,Bill Tyler,Corporate
306,KB-16315,Karl Braun,Consumer
307,SC-20260,Scott Cohen,Corporate
308,CR-12820,Cyra Reiten,Home Office
309,TP-21415,Tom Prescott,Consumer
310,SC-20695,Steve Chapman,Corporate
311,CP-12085,Cathy Prescott,Corporate
312,ML-17755,Max Ludwig,Home Office
313,EG-13900,Emily Grady,Consumer
314,MH-17290,Marc Harrigan,Home Office
315,KT-16480,Kean Thornton,Consumer
316,AW-10930,Arthur Wiediger,Home Office
317,JW-15955,Joni Wasserman,Consumer
318,JF-15190,Jamie Frazer,Consumer
319,RS-19420,Ricardo Sperren,Corporate
320,PB-19150,Philip Brown,Consumer
321,DK-13375,Dennis Kane,Consumer
322,MG-17890,Michael Granlund,Home Office
323,TT-21070,Ted Trevino,Consumer
324,SW-20245,Scot Wooten,Consumer
325,SS-20410,Shahid Shariari,Consumer
326,MH-18025,Michelle Huthwaite,Consumer
327,CM-12115,Chad McGuire,Consumer
328,DJ-13420,Denny Joy,Corporate
329,BP-11050,Barry Pond,Corporate
330,DS-13030,Darrin Sayre,Home Office
331,CD-11980,Carol Darley,Consumer
332,TH-21235,Tiffany House,Corporate
333,SV-20785,Stewart Visinsky,Consumer
334,NK-18490,Neil Knudson,Home Office
335,MA-17560,Matt Abelman,Home Office
336,EM-13825,Elizabeth Moffitt,Corporate
337,KC-16675,Kimberly Carter,Corporate
338,DW-13585,Dorothy Wardle,Corporate
339,AS-10135,Adrian Shami,Home Office
340,CM-12655,Corinna Mitchell,Home Office
341,JG-15115,Jack Garza,Consumer
342,HR-14770,Hallie Redmond,Home Office
343,BH-11710,Brosina Hoffman,Consumer
344,BF-11275,Beth Fritzler,Corporate
345,TC-21145,Theresa Coyne,Corporate
346,GD-14590,Giulietta Dortch,Corporate
347,BS-11755,Bruce Stewart,Consumer
348,KM-16375,Katherine Murray,Home Office
349,ST-20530,Shui Tom,Consumer
350,LS-17230,Lycoris Saunders,Consumer
351,CG-12040,Catherine Glotzbach,Home Office
352,KB-16585,Ken Black,Corporate
353,KD-16270,Karen Daniels,Consumer
354,EM-14200,Evan Minnotte,Home Office
355,PM-19135,Peter McVee,Home Office
356,RW-19690,Robert Waldorf,Consumer
357,RM-19750,Roland Murray,Consumer
358,AB-10150,Aimee Bixby,Consumer
359,DV-13045,Darrin Van Huff,Corporate
360,GZ-14545,George Zrebassa,Corporate
361,BT-11485,Brad Thomas,Home Office
362,RH-19495,Rick Hansen,Consumer
363,BD-11635,Brian Derr,Consumer
364,LO-17170,Lori Olson,Corporate
365,BD-11320,Bill Donatelli,Consumer
366,AG-10390,Allen Goldenen,Consumer
367,DR-12940,Daniel Raglin,Home Office
368,VG-21790,Vivek Gonzalez,Consumer
369,SW-20455,Shaun Weien,Consumer
370,GP-14740,Guy Phonely,Corporate
371,XP-21865,Xylona Preis,Consumer
372,JC-15340,Jasper Cacioppo,Consumer
373,RM-19675,Robert Marley,Home Office
374,VF-21715,Vicky Freymann,Home Office
375,JS-15595,Jill Stevenson,Corporate
376,BN-11515,Bradley Nguyen,Consumer
377,RK-19300,Ralph Kennedy,Consumer
378,MS-17770,Maxwell Schwartz,Consumer
379,YC-21895,Yoseph Carroll,Corporate
380,FC-14335,Fred Chung,Corporate
381,TB-21355,Todd Boyes,Corporate
382,DG-13300,Deirdre Greer,Corporate
383,MG-17695,Maureen Gnade,Consumer
384,CJ-11875,Carl Jackson,Corporate
385,BM-11140,Becky Martin,Consumer
386,PC-18745,Pamela Coakley,Corporate
387,LD-17005,Lisa DeCherney,Consumer
388,AS-10090,Adam Shillingsburg,Consumer
389,JK-15205,Jamie Kunitz,Consumer
390,AY-10555,Andy Yotov,Corporate
391,ES-14020,Erica Smith,Consumer
392,AR-10570,Anemone Ratner,Consumer
393,SG-20605,Speros Goranitis,Consumer
394,LP-17080,Liz Pelletier,Consumer
395,FG-14260,Frank Gastineau,Home Office
396,MC-17425,Mark Cousins,Corporate
397,PR-18880,Patrick Ryan,Consumer
398,DW-13195,David Wiener,Corporate
399,KE-16420,Katrina Edelman,Corporate
400,SS-20140,Saphhira Shifley,Corporate
401,SV-20935,Susan Vittorini,Consumer
402,PJ-18835,Patrick Jones,Corporate
403,SG-20890,Susan Gilcrest,Corporate
404,TS-21505,Tony Sayre,Consumer
405,KH-16510,Keith Herrera,Consumer
406,BD-11620,Brian DeCherney,Consumer
407,SM-20005,Sally Matthias,Consumer
408,RB-19330,Randy Bradley,Consumer
409,AB-10255,Alejandro Ballentine,Home Office
410,CS-12400,Christopher Schild,Home Office
411,SS-20875,Sung Shariari,Consumer
412,NC-18535,Nick Crebassa,Corporate
413,PF-19120,Peter Fuller,Consumer
414,CA-12055,Cathy Armstrong,Home Office
415,AB-10165,Alan Barnes,Consumer
416,PO-18865,Patrick O'Donnell,Consumer
417,EB-13870,Emily Burns,Consumer
418,AC-10615,Ann Chong,Corporate
419,DH-13675,Duane Huffman,Home Office
420,MH-17440,Mark Haberlin,Corporate
421,EB-13975,Erica Bern,Corporate
422,LS-16945,Linda Southworth,Corporate
423,CV-12295,Christina VanderZanden,Consumer
424,JL-15850,John Lucas,Consumer
425,TB-21175,Thomas Boland,Corporate
426,SM-20320,Sean Miller,Home Office
427,GH-14410,Gary Hansen,Home Office
428,TS-21205,Thomas Seio,Corporate
429,LW-17125,Liz Willingham,Consumer
430,SL-20155,Sara Luxemburg,Home Office
431,HM-14980,Henry MacAllister,Consumer
432,ML-18040,Michelle Lonsdale,Corporate
433,LS-17245,Lynn Smith,Consumer
434,CS-12175,Charles Sheldon,Corporate
435,LH-16750,Larry Hughes,Consumer
436,MG-17680,Maureen Gastineau,Home Office
437,SW-20350,Sean Wendt,Home Office
438,GM-14440,Gary McGarr,Consumer
439,PF-19165,Philip Fox,Consumer
440,SB-20185,Sarah Brown,Consumer
441,HL-15040,Hunter Lopez,Consumer
442,CC-12610,Corey Catlett,Corporate
443,RD-19900,Ruben Dartt,Consumer
444,CC-12430,Chuck Clark,Home Office
445,AC-10660,Anna Chung,Consumer
446,DS-13180,David Smith,Corporate
447,LB-16795,Laurel Beltran,Home Office
448,ER-13855,Elpida Rittenbach,Corporate
449,CK-12595,Clytie Kelty,Consumer
450,TH-21550,Tracy Hopkins,Home Office
451,JK-15640,Jim Kriz,Home Office
452,TS-21430,Tom Stivers,Corporate
453,EN-13780,Edward Nazzal,Consumer
454,DB-13210,Dean Braden,Consumer
455,CS-12130,Chad Sievert,Consumer
456,PS-18760,Pamela Stobb,Consumer
457,AJ-10795,Anthony Johnson,Corporate
458,PV-18985,Paul Van Hugh,Home Office
459,RA-19285,Ralph Arnett,Consumer
460,NB-18580,Nicole Brennan,Corporate
461,MP-17470,Mark Packer,Home Office
462,AG-10300,Aleksandra Gannaway,Corporate
463,HG-14965,Henry Goldwyn,Corporate
464,EP-13915,Emily Phan,Consumer
465,JR-15670,Jim Radford,Consumer
466,DB-13360,Dennis Bolton,Home Office
467,LC-17050,Liz Carlisle,Consumer
468,DD-13570,Dorothy Dickinson,Consumer
469,AB-10600,Ann Blume,Corporate
470,VM-21685,Valerie Mitchum,Home Office
471,KT-16465,Kean Takahito,Consumer
472,FO-14305,Frank Olsen,Consumer
473,DB-13405,Denny Blanton,Consumer
474,MM-17920,Michael Moore,Consumer
475,HH-15010,Hilary Holden,Corporate
476,SM-20905,Susan MacKendrick,Consumer
477,GH-14485,Gene Hale,Corporate
478,SR-20425,Sharelle Roach,Home Office
479,HZ-14950,Henia Zydlo,Consumer
480,NC-18340,Nat Carroll,Consumer
481,JD-16060,Julia Dunbar,Consumer
482,BF-11005,Barry Franz,Home Office
483,VM-21835,Vivian Mathis,Consumer
484,JB-16000,Joy Bell-,Consumer
485,NB-18655,Nona Balk,Corporate
486,TC-21295,Toby Carlisle,Consumer
487,TB-21520,Tracy Blumstein,Consumer
488,MC-17590,Matt Collister,Corporate
489,DB-13060,Dave Brooks,Consumer
490,MH-17620,Matt Hagelstein,Corporate
491,KC-16540,Kelly Collister,Consumer
492,JR-15700,Jocasta Rupert,Consumer
493,EM-13810,Eleni McCrary,Corporate
494,ON-18715,Odella Nelson,Corporate
495,JE-16165,Justin Ellison,Corporate
496,MB-18085,Mick Brown,Consumer
497,IM-15055,Ionia McGrath,Consumer
498,MO-17800,Meg O'Connel,Home Office
499,FM-14290,Frank Merwin,Home Office
500,WB-21850,William Brown,Consumer
501,MV-17485,Mark Van Huff,Consumer
502,TB-21595,Troy Blackwell,Consumer
503,AB-10105,Adrian Barton,Consumer
504,TB-21055,Ted Butterfield,Consumer
505,BB-10990,Barry Blumstein,Corporate
506,TB-21190,Thomas Brumley,Home Office
507,VP-21760,Victoria Pisteka,Corporate
508,RS-19765,Roland Schwarz,Corporate
509,MY-17380,Maribeth Yedwab,Corporate
510,PB-19210,Phillip Breyer,Corporate
511,JA-15970,Joseph Airdo,Consumer
512,BW-11200,Ben Wallace,Consumer
513,BK-11260,Berenike Kampe,Consumer
514,JL-15130,Jack Lebron,Consumer
515,BP-11185,Ben Peterman,Corporate
516,SV-20365,Seth Vernon,Consumer
517,DP-13105,Dave Poirier,Corporate
518,QJ-19255,Quincy Jones,Corporate
519,LP-17095,Liz Preis,Consumer
520,SJ-20215,Sarah Jordon,Consumer
521,MA-17995,Michelle Arnett,Home Office
522,DJ-13510,Don Jones,Corporate
523,DB-13270,Deborah Brumfield,Home Office
524,RB-19795,Ross Baird,Home Office
525,PS-18970,Paul Stevenson,Home Office
526,HD-14785,Harold Dahlen,Home Office
527,EH-13945,Eric Hoffmann,Consumer
528,NL-18310,Nancy Lomonaco,Home Office
529,LH-16900,Lena Hernandez,Consumer
530,NH-18610,Nicole Hansen,Corporate
531,MK-17905,Michael Kennedy,Corporate
532,DB-13615,Doug Bickford,Consumer
533,CA-12775,Cynthia Arntzen,Consumer
534,TB-21625,Trudy Brown,Consumer
535,DK-13150,David Kendrick,Corporate
536,NS-18640,Noel Staavos,Corporate
537,SZ-20035,Sam Zeldin,Home Office
538,SF-20065,Sandra Flanagan,Consumer
539,KB-16240,Karen Bern,Corporate
540,LC-16870,Lena Cacioppo,Consumer
541,RR-19525,Rick Reed,Corporate
542,CR-12730,Craig Reiter,Consumer
543,SF-20200,Sarah Foster,Consumer
544,TA-21385,Tom Ashbrook,Home Office
545,Dp-13240,Dean percer,Home Office
546,FW-14395,Fred Wasserman,Corporate
547,SB-20290,Sean Braxton,Corporate
548,RB-19360,Raymond Buch,Consumer
549,AA-10375,Allen Armold,Consumer
550,HR-14830,Harold Ryan,Corporate
551,DJ-13630,Doug Jacobs,Consumer
552,SO-20335,Sean O'Donnell,Consumer
553,MH-18115,Mick Hernandez,Home Office
554,KW-16435,Katrina Willman,Consumer
555,RA-19945,Ryan Akin,Consumer
556,KD-16345,Katherine Ducich,Consumer
557,PG-18895,Paul Gonzalez,Consumer
558,MJ-17740,Max Jones,Consumer
559,HP-14815,Harold Pawlan,Home Office
560,BT-11530,Bradley Talbott,Home Office
561,MS-17830,Melanie Seite,Consumer
562,AJ-10960,Astrea Jones,Consumer
563,AG-10330,Alex Grayson,Consumer
564,AJ-10780,Anthony Jacobs,Corporate
565,AH-10120,Adrian Hane,Home Office
566,NW-18400,Natalie Webber,Consumer
567,ND-18370,Natalie DeCherney,Consumer
568,ML-17410,Maris LaWare,Consumer
569,MC-18100,Mick Crebagga,Consumer
570,GG-14650,Greg Guthrie,Corporate
571,SC-20575,Sonia Cooley,Consumer
572,AB-10060,Adam Bellavance,Home Office
573,LT-17110,Liz Thompson,Consumer
574,AO-10810,Anthony O'Donnell,Corporate
575,KF-16285,Karen Ferguson,Home Office
576,AA-10480,Andrew Allen,Consumer
577,PC-19000,Pauline Chand,Home Office
578,BS-11665,Brian Stugart,Consumer
579,PK-19075,Pete Kriz,Consumer
580,ML-17395,Marina Lichtenstein,Corporate
581,RB-19435,Richard Bierner,Consumer
582,SC-20725,Steven Cartwright,Consumer
583,CM-12385,Christopher Martinez,Consumer
584,SP-20650,Stephanie Phelps,Corporate
585,GA-14725,Guy Armstrong,Consumer
586,JO-15550,Jesus Ocampo,Home Office
587,MP-18175,Mike Pelletier,Home Office
588,PP-18955,Paul Prost,Home Office
589,MB-17305,Maria Bertelson,Consumer
590,AJ-10945,Ashley Jarboe,Consumer
591,JO-15145,Jack O'Briant,Corporate
592,EA-14035,Erin Ashbrook,Corporate
593,PB-18805,Patrick Bzostek,Home Office
594,CT-11995,Carol Triggs,Consumer
595,MM-18280,Muhammed MacIntyre,Corporate
596,CK-12760,Cyma Kinney,Corporate
597,GB-14575,Giulietta Baptist,Consumer
598,BT-11305,Beth Thompson,Home Office
599,JG-15160,James Galang,Consumer
600,LE-16810,Laurel Elliston,Consumer
601,TG-21310,Toby Gnade,Consumer
602,HK-14890,Heather Kirkland,Corporate
603,CY-12745,Craig Yedwab,Corporate
604,TS-21655,Trudy Schmidt,Consumer
605,CM-12235,Chris McAfee,Consumer
606,RO-19780,Rose O'Brian,Consumer
607,FA-14230,Frank Atkinson,Corporate
608,FP-14320,Frank Preis,Consumer
609,RB-19705,Roger Barcio,Home Office
610,SF-20965,Sylvia Foulston,Corporate
611,TC-21535,Tracy Collins,Home Office
612,ML-18265,Muhammed Lee,Consumer
613,JK-15370,Jay Kimmel,Consumer
614,AD-10180,Alan Dominguez,Home Office
615,CV-12805,Cynthia Voltz,Corporate
616,KH-16330,Katharine Harms,Corporate
617,CD-11920,Carlos Daly,Consumer
618,MT-18070,Michelle Tran,Home Office
619,AG-10675,Anna Gayman,Consumer
620,SH-20395,Shahid Hopkins,Consumer
621,TT-21220,Thomas Thornton,Consumer
622,AR-10540,Andy Reiter,Consumer
623,ND-18460,Neil Ducich,Corporate
624,PM-18940,Paul MacIntyre,Consumer
625,ZD-21925,Zuschuss Donatelli,Consumer
626,HA-14920,Helen Andreada,Consumer
627,NF-18475,Neil Französisch,Home Office
628,HG-14845,Harry Greene,Consumer
629,CB-12535,Claudia Bergmann,Corporate
630,NM-18520,Neoma Murray,Consumer
631,JJ-15445,Jennifer Jackson,Consumer
632,HJ-14875,Heather Jas,Home Office
633,SC-20800,Stuart Calhoun,Consumer
634,VP-21730,Victor Preis,Home Office
635,JD-16150,Justin Deggeller,Corporate
636,LT-16765,Larry Tron,Consumer
637,JH-15985,Joseph Holt,Consumer
638,JB-15400,Jennifer Braxton,Corporate
639,SU-20665,Stephanie Ulpright,Home Office
640,DH-13075,Dave Hallsten,Corporate
641,JS-15685,Jim Sink,Corporate
642,JD-15790,John Dryer,Consumer
643,PA-19060,Pete Armstrong,Home Office
644,DO-13435,Denny Ordway,Consumer
645,AG-10495,Andrew Gjertsen,Corporate
646,SE-20110,Sanjit Engle,Consumer
647,JK-15625,Jim Karlsson,Consumer
648,KC-16255,Karen Carlisle,Corporate
649,FC-14245,Frank Carlisle,Home Office
650,DN-13690,Duane Noonan,Consumer
651,MD-17860,Michael Dominguez,Corporate
652,KN-16705,Kristina Nunn,Home Office
653,CB-12415,Christy Brittain,Consumer
654,DL-13315,Delfina Latchford,Consumer
655,RW-19540,Rick Wilson,Corporate
656,GK-14620,Grace Kelly,Corporate
657,DB-13120,David Bremer,Corporate
658,DC-13285,Debra Catini,Consumer
659,DV-13465,Dianna Vittorini,Consumer
660,PW-19240,Pierre Wener,Consumer
661,BT-11680,Brian Thompson,Consumer
662,BF-10975,Barbara Fisher,Corporate
663,EH-13765,Edward Hooks,Corporate
664,BM-11650,Brian Moss,Corporate
665,TS-21370,Todd Sumrall,Corporate
666,MC-17605,Matt Connell,Corporate
667,NC-18415,Nathan Cano,Consumer
668,GH-14425,Gary Hwang,Consumer
669,CS-12355,Christine Sundaresam,Consumer
670,VD-21670,Valerie Dominguez,Consumer
671,VS-21820,Vivek Sundaresam,Consumer
672,CC-12670,Craig Carreira,Consumer
673,DL-13330,Denise Leinenbach,Consumer
674,CJ-12010,Caroline Jumper,Consumer
675,GW-14605,Giulietta Weimer,Consumer
676,ME-17725,Max Engle,Consumer
677,PB-19105,Peter Bühler,Consumer
678,KS-16300,Karen Seio,Corporate
679,CC-12550,Clay Cheatham,Consumer
680,TS-21160,Theresa Swint,Corporate
681,LC-16885,Lena Creighton,Consumer
682,LS-16975,Lindsay Shagiari,Home Office
683,BM-11575,Brendan Murry,Corporate
684,MO-17500,Mary O'Rourke,Consumer
685,AS-10225,Alan Schoenberger,Corporate
686,DA-13450,Dianna Arnett,Home Office
687,PS-19045,Penelope Sewall,Home Office
688,RF-19840,Roy Französisch,Consumer
689,TZ-21580,Tracy Zic,Consumer
690,IG-15085,Ivan Gibson,Consumer
691,BE-11410,Bobby Elias,Consumer
692,AP-10720,Anne Pryor,Home Office
693,RH-19555,Ritsa Hightower,Consumer
694,LR-16915,Lena Radford,Consumer
695,TB-21250,Tim Brockman,Consumer
696,JH-16180,Justin Hirsh,Consumer
697,PF-19225,Phillip Flathmann,Consumer
698,RB-19465,Rick Bensley,Home Office
699,EH-13990,Erica Hackney,Consumer
700,JF-15490,Jeremy Farry,Consumer
701,SV-20815,Stuart Van,Corporate
702,CS-12460,Chuck Sachs,Consumer
703,CM-12445,Chuck Magee,Consumer
704,KH-16360,Katherine Hughes,Consumer
705,KM-16660,Khloe Miller,Consumer
706,LH-17020,Lisa Hazard,Consumer
707,CD-12790,Cynthia Delaney,Home Office
708,SS-20515,Shirley Schmidt,Home Office
709,CP-12340,Christine Phan,Corporate
710,DM-13345,Denise Monton,Corporate
711,EM-14065,Erin Mull,Consumer
712,SH-19975,Sally Hughsby,Corporate
713,BE-11455,Brad Eason,Home Office
714,BW-11110,Bart Watters,Corporate
715,MH-17455,Mark Hamilton,Consumer
716,AF-10885,Art Foster,Consumer
717,RD-19810,Ross DeVincentis,Home Office
718,AB-10015,Aaron Bergman,Consumer
719,RB-19645,Robert Barroso,Corporate
720,AS-10630,Ann Steele,Home Office
721,GT-14635,Grant Thornton,Corporate
722,GR-14560,Georgia Rosenberg,Corporate
723,JS-15880,John Stevenson,Consumer
724,AA-10645,Anna Andreadi,Consumer
725,HM-14860,Harry Marie,Corporate
726,AT-10735,Annie Thurman,Consumer
727,SN-20560,Skye Norling,Home Office
728,KH-16690,Kristen Hastings,Corporate
729,LS-17200,Luke Schmidt,Corporate
730,RL-19615,Rob Lucas,Consumer
731,ES-14080,Erin Smith,Corporate
732,TC-21475,Tony Chapman,Home Office
733,AG-10525,Andy Gerbode,Corporate
734,JW-16075,Julia West,Consumer
735,EJ-14155,Eva Jacobs,Consumer
736,JK-15325,Jason Klamczynski,Corporate
737,NP-18685,Nora Pelletier,Home Office
738,NP-18700,Nora Preis,Consumer
739,JH-15820,John Huston,Consumer
740,JM-15865,John Murray,Consumer
741,SP-20545,Sibella Parks,Corporate
742,AG-10270,Alejandro Grove,Consumer
743,BS-11800,Bryan Spruell,Home Office
744,MS-17365,Maribeth Schnelling,Consumer
745,JJ-15760,Joel Jenkins,Home Office
746,CB-12025,Cassandra Brandow,Consumer
747,KM-16720,Kunst Miller,Consumer
748,DB-12910,Daniel Byrd,Home Office
749,TT-21265,Tim Taslimi,Corporate
750,DK-13225,Dean Katz,Corporate
751,CG-12520,Claire Gute,Consumer
752,AM-10705,Anne McFarland,Consumer
753,SC-20440,Shaun Chance,Corporate
754,BF-11020,Barry Französisch,Corporate
755,TH-21115,Thea Hudgings,Corporate
756,MS-17710,Maurice Satty,Consumer
757,AR-10405,Allen Rosenblatt,Corporate
758,SB-20170,Sarah Bern,Consumer
759,JS-16030,Joy Smith,Consumer
760,JF-15295,Jason Fortune-,Consumer
761,JG-15805,John Grady,Corporate
762,AH-10585,Angele Hood,Consumer
763,PN-18775,Parhena Norris,Home Office
764,RH-19600,Rob Haberlin,Consumer
765,CK-12325,Christine Kargatis,Home Office
766,SR-20740,Steven Roelle,Home Office
767,EM-13960,Eric Murdock,Consumer
768,OT-18730,Olvera Toch,Consumer
769,SS-20590,Sonia Sunley,Consumer
770,RW-19630,Rob Williams,Corporate
771,DK-12985,Darren Koutras,Consumer
772,TB-21280,Toby Braunhardt,Consumer
773,SC-20770,Stewart Carmichael,Corporate
774,GT-14710,Greg Tran,Consumer
775,PO-19195,Phillina Ober,Home Office
776,BD-11560,Brendan Dodson,Home Office
777,SP-20920,Susan Pistek,Consumer
778,CA-12265,Christina Anderson,Consumer
779,DE-13255,Deanra Eno,Home Office
780,JF-15355,Jay Fein,Consumer
781,MV-18190,Mike Vittorini,Consumer
782,DK-12895,Dana Kaydos,Consumer
783,SJ-20500,Shirley Jackson,Consumer
784,DK-12835,Damala Kotsonis,Corporate
785,CM-12190,Charlotte Melton,Consumer
786,RP-19270,Rachel Payne,Corporate
787,JO-15280,Jas O'Carroll,Consumer
788,LC-17140,Logan Currie,Consumer
789,JK-16090,Juliana Krohn,Consumer
790,BW-11065,Barry Weirich,Consumer
791,MK-18160,Mike Kennedy,Consumer
792,CM-12715,Craig Molinari,Corporate
793,CD-12280,Christina DeMoss,Consumer
